Daily activity on Fri Sep 19 08:48:39 UTC 2025
Daily activity on Sat Sep 20 06:18:39 UTC 2025
Daily activity on Sun Sep 21 06:19:18 UTC 2025
Daily activity on Mon Sep 22 06:22:16 UTC 2025
Daily activity on Tue Sep 23 06:21:30 UTC 2025
Daily activity on Wed Sep 24 06:21:06 UTC 2025
Daily activity on Thu Sep 25 06:21:32 UTC 2025
Daily activity on Fri Sep 26 06:20:44 UTC 2025
Daily activity on Sat Sep 27 06:17:37 UTC 2025
Daily activity on Sun Sep 28 06:19:16 UTC 2025
Daily activity on Mon Sep 29 06:22:10 UTC 2025
Daily activity on Tue Sep 30 06:21:47 UTC 2025
Daily activity on Wed Oct  1 06:21:10 UTC 2025
Daily activity on Thu Oct  2 06:20:45 UTC 2025
Daily activity on Fri Oct  3 06:20:08 UTC 2025
Daily activity on Sat Oct  4 06:18:32 UTC 2025
Daily activity on Sun Oct  5 06:18:26 UTC 2025
Daily activity on Mon Oct  6 06:21:42 UTC 2025
Daily activity on Tue Oct  7 06:20:50 UTC 2025
Daily activity on Wed Oct  8 06:21:09 UTC 2025
Daily activity on Thu Oct  9 06:21:29 UTC 2025
Daily activity on Fri Oct 10 06:21:19 UTC 2025
Daily activity on Sat Oct 11 06:18:37 UTC 2025
Daily activity on Sun Oct 12 06:18:33 UTC 2025
Daily activity on Mon Oct 13 06:22:50 UTC 2025
Daily activity on Tue Oct 14 06:21:20 UTC 2025
Daily activity on Wed Oct 15 06:21:35 UTC 2025
Daily activity on Thu Oct 16 06:21:26 UTC 2025
Daily activity on Fri Oct 17 06:20:36 UTC 2025
Daily activity on Sat Oct 18 06:18:50 UTC 2025
Daily activity on Sun Oct 19 06:19:57 UTC 2025
Daily activity on Mon Oct 20 06:21:49 UTC 2025
Daily activity on Tue Oct 21 06:21:37 UTC 2025
Daily activity on Wed Oct 22 06:22:04 UTC 2025
Daily activity on Thu Oct 23 06:21:37 UTC 2025
Daily activity on Fri Oct 24 06:20:42 UTC 2025
Daily activity on Sat Oct 25 06:18:58 UTC 2025
Daily activity on Sun Oct 26 06:19:33 UTC 2025
Daily activity on Mon Oct 27 06:24:02 UTC 2025
Daily activity on Tue Oct 28 06:22:30 UTC 2025
Daily activity on Wed Oct 29 06:22:49 UTC 2025
Daily activity on Thu Oct 30 06:21:26 UTC 2025
Daily activity on Fri Oct 31 06:21:46 UTC 2025
Daily activity on Sat Nov  1 06:19:09 UTC 2025
Daily activity on Sun Nov  2 06:20:26 UTC 2025
Daily activity on Mon Nov  3 06:23:22 UTC 2025
Daily activity on Tue Nov  4 06:22:36 UTC 2025
Daily activity on Wed Nov  5 06:22:12 UTC 2025
Daily activity on Thu Nov  6 06:22:29 UTC 2025
Daily activity on Fri Nov  7 06:22:14 UTC 2025
Daily activity on Sat Nov  8 06:19:31 UTC 2025
Daily activity on Sun Nov  9 06:20:03 UTC 2025
Daily activity on Mon Nov 10 06:24:03 UTC 2025
Daily activity on Tue Nov 11 06:22:36 UTC 2025
Daily activity on Wed Nov 12 06:22:31 UTC 2025
Daily activity on Thu Nov 13 06:22:50 UTC 2025
Daily activity on Fri Nov 14 06:22:34 UTC 2025
Daily activity on Sat Nov 15 06:20:19 UTC 2025
Daily activity on Sun Nov 16 06:20:35 UTC 2025
Daily activity on Mon Nov 17 06:23:03 UTC 2025
Daily activity on Tue Nov 18 06:21:59 UTC 2025
Daily activity on Wed Nov 19 06:21:43 UTC 2025
Daily activity on Thu Nov 20 06:21:43 UTC 2025
Daily activity on Fri Nov 21 06:22:50 UTC 2025
Daily activity on Sat Nov 22 06:19:42 UTC 2025
Daily activity on Sun Nov 23 06:20:30 UTC 2025
Daily activity on Mon Nov 24 06:23:17 UTC 2025
Daily activity on Tue Nov 25 06:23:11 UTC 2025
Daily activity on Wed Nov 26 06:23:34 UTC 2025
Daily activity on Thu Nov 27 06:23:49 UTC 2025
Daily activity on Fri Nov 28 06:23:35 UTC 2025
Daily activity on Sat Nov 29 06:20:42 UTC 2025
Daily activity on Sun Nov 30 06:21:37 UTC 2025
Daily activity on Mon Dec  1 06:25:07 UTC 2025
Daily activity on Tue Dec  2 06:24:28 UTC 2025
Daily activity on Wed Dec  3 06:23:57 UTC 2025
Daily activity on Thu Dec  4 06:23:32 UTC 2025
Daily activity on Fri Dec  5 06:23:53 UTC 2025
Daily activity on Sat Dec  6 06:20:43 UTC 2025
Daily activity on Sun Dec  7 06:20:41 UTC 2025
Daily activity on Mon Dec  8 06:26:23 UTC 2025
Daily activity on Tue Dec  9 06:24:06 UTC 2025
Daily activity on Wed Dec 10 06:24:30 UTC 2025
Daily activity on Thu Dec 11 06:25:14 UTC 2025
Daily activity on Fri Dec 12 06:24:33 UTC 2025
Daily activity on Sat Dec 13 06:22:07 UTC 2025
Daily activity on Sun Dec 14 06:22:02 UTC 2025
Daily activity on Mon Dec 15 06:27:11 UTC 2025
Daily activity on Tue Dec 16 06:25:08 UTC 2025
Daily activity on Wed Dec 17 06:24:37 UTC 2025
Daily activity on Thu Dec 18 06:24:10 UTC 2025
Daily activity on Fri Dec 19 06:23:37 UTC 2025
Daily activity on Sat Dec 20 06:22:45 UTC 2025
Daily activity on Sun Dec 21 06:22:18 UTC 2025
Daily activity on Mon Dec 22 06:26:33 UTC 2025
Daily activity on Tue Dec 23 06:25:25 UTC 2025
Daily activity on Wed Dec 24 06:25:28 UTC 2025
Daily activity on Thu Dec 25 06:24:38 UTC 2025
Daily activity on Fri Dec 26 06:24:25 UTC 2025
Daily activity on Sat Dec 27 06:22:43 UTC 2025
Daily activity on Sun Dec 28 06:23:04 UTC 2025
Daily activity on Mon Dec 29 06:26:44 UTC 2025
Daily activity on Tue Dec 30 06:24:43 UTC 2025
Daily activity on Wed Dec 31 06:25:32 UTC 2025
Daily activity on Thu Jan  1 06:25:11 UTC 2026
Daily activity on Fri Jan  2 06:25:22 UTC 2026
Daily activity on Sat Jan  3 06:23:09 UTC 2026
Daily activity on Sun Jan  4 06:23:40 UTC 2026
Daily activity on Mon Jan  5 06:30:15 UTC 2026
Daily activity on Tue Jan  6 06:26:09 UTC 2026
Daily activity on Wed Jan  7 06:25:36 UTC 2026
Daily activity on Thu Jan  8 06:26:26 UTC 2026
Daily activity on Fri Jan  9 06:25:46 UTC 2026
Daily activity on Sat Jan 10 06:22:41 UTC 2026
Daily activity on Sun Jan 11 06:23:37 UTC 2026
Daily activity on Mon Jan 12 06:28:22 UTC 2026
Daily activity on Tue Jan 13 06:25:38 UTC 2026
Daily activity on Wed Jan 14 06:26:51 UTC 2026
Daily activity on Thu Jan 15 06:25:26 UTC 2026
Daily activity on Fri Jan 16 06:26:12 UTC 2026
Daily activity on Sat Jan 17 06:22:44 UTC 2026
Daily activity on Sun Jan 18 06:23:09 UTC 2026
Daily activity on Mon Jan 19 06:30:07 UTC 2026
Daily activity on Tue Jan 20 06:27:44 UTC 2026
Daily activity on Wed Jan 21 06:27:45 UTC 2026
Daily activity on Thu Jan 22 06:26:24 UTC 2026
Daily activity on Fri Jan 23 06:26:00 UTC 2026
Daily activity on Sat Jan 24 06:23:45 UTC 2026
Daily activity on Sun Jan 25 06:23:39 UTC 2026
Daily activity on Mon Jan 26 06:28:56 UTC 2026
Daily activity on Tue Jan 27 06:27:02 UTC 2026
Daily activity on Wed Jan 28 06:28:24 UTC 2026
Daily activity on Thu Jan 29 06:38:41 UTC 2026
Daily activity on Fri Jan 30 06:40:09 UTC 2026
Daily activity on Sat Jan 31 06:30:28 UTC 2026
Daily activity on Sun Feb  1 06:41:20 UTC 2026
Daily activity on Mon Feb  2 06:56:18 UTC 2026
Daily activity on Tue Feb  3 06:42:13 UTC 2026
Daily activity on Wed Feb  4 06:42:09 UTC 2026
